vendor_id,avg_passenger_count,min_trip_distance,max_trip_distance,avg_total_amount
1,1.16794818528062,0.0,766.5,17.89182673245969
2,1.6175599052724836,-22.18,167329.45,17.93189053579034
